{
  "model": "models/pii_ner_v3/onnx_int8/model.onnx",
  "eval_set": "KLUE-NER validation (20 sentences)",
  "per_entity": {
    "ADDRESS": {
      "precision": 1.0,
      "recall": 0.8,
      "f1-score": 0.888888888888889,
      "support": 5
    },
    "NAME": {
      "precision": 0.8461538461538461,
      "recall": 0.8461538461538461,
      "f1-score": 0.8461538461538461,
      "support": 26
    },
    "ORG": {
      "precision": 0.8571428571428571,
      "recall": 0.75,
      "f1-score": 0.7999999999999999,
      "support": 8
    },
    "micro avg": {
      "precision": 0.8648648648648649,
      "recall": 0.8205128205128205,
      "f1-score": 0.8421052631578947,
      "support": 39
    },
    "macro avg": {
      "precision": 0.9010989010989011,
      "recall": 0.7987179487179487,
      "f1-score": 0.8450142450142449,
      "support": 39
    },
    "weighted avg": {
      "precision": 0.868131868131868,
      "recall": 0.8205128205128205,
      "f1-score": 0.8421652421652421,
      "support": 39
    }
  },
  "macro_f1": 0.8450142450142449,
  "micro_f1": 0.8421052631578947,
  "gold_entity_counts": {
    "ORG": 8,
    "NAME": 26,
    "ADDRESS": 5
  },
  "inference_time_s": 5.336954116821289,
  "ms_per_sentence": 266.84770584106445
}